name,brand,retail_price,current_price,quantity
pointe shoes,New Balance,$47.91,$47.91,493
Wellington boots,Nike,$12.21,$12.21,118
athletic shoes,Nike,$31.57,$31.57,31
platform shoes,Adidas,$48.22,$48.22,174
heels,Puma,$30.15,$30.15,324
zoris,nike,$9.8,$9.8,494
high-top sneakers,Adidas,$9.33,$9.33,76
loafers,Nike,$98.24,$98.24,164
sling-backs,New Balance,$59.75,$59.75,483
tennis shoes,Adidas,$19.49,$19.49,111
sandals,nike,$35.0,$35.0,473
ice skates,Adidas,$96.89,$96.89,67
open-toe shoes,Puma,$3.39,$3.39,225
cowboy boots,nike,$19.1,$19.1,55
zoris,Puma,$69.10,$69.10,180
jackboots,New Balance,$44.69,$44.69,442
athletic shoes,New Balance,$46.21,$46.21,141
climbing shoes,Nike,$88.9,$88.9,21
ballet shoes,Nike,$80.95,$80.95,307
sandals,nike,$8.70,$8.70,103
loafers,nike,$90.64,$90.64,226
jump boots,Under Armour,$8.90,$8.90,232
track shoes,Puma,$59.95,$59.95,169
skates,Nike,$58.28,$58.28,408
kamiks,Nike,$58.32,$58.32,374
kamiks,Nike,$26.32,$26.32,205
inline skates,Under Armour,$23.54,$23.54,395
clogs,New Balance,$48.31,$48.31,87
bowling shoes,Puma,$49.90,$49.90,430
valenki,Nike,$27.10,$27.10,382
cleats,Under Armour,$20.92,$20.92,7
clogs,New Balance,$35.42,$35.42,350
cycling shoes,Adidas,$35.5,$35.5,29
galoshes,Adidas,$68.23,$68.23,134
hiking boots,Under Armour,$0.40,$0.40,60
zoris,Nike,$4.68,$4.68,259
saddle shoes,Puma,$80.22,$80.22,471
golf shoes,Under Armour,$74.98,$74.98,409
slippers,Adidas,$84.98,$84.98,226
high heels,nike,$24.34,$24.34,355
riding boots,Nike,$71.87,$71.87,408
skates,nike,$82.9,$82.9,19
skate shoes,Nike,$23.42,$23.42,211
slides,Adidas,$14.90,$14.90,106
Wellington boots,Adidas,$63.57,$63.57,145
brogues,Puma,$10.38,$10.38,190
athletic shoes,Puma,$78.37,$78.37,389
track shoes,Puma,$27.20,$27.20,255
wingtip shoes,nike,$6.28,$6.28,2
figure skates,Puma,$14.2,$14.2,439
slides,nike,$3.93,$3.93,22
saddle shoes,New Balance,$0.21,$0.21,399
slides,Nike,$54.71,$54.71,313
elevator shoes,nike,$33.10,$33.10,252
Oxfords,New Balance,$10.22,$10.22,64
swim fins,Adidas,$77.99,$77.99,385
moccasins,Under Armour,$80.31,$80.31,432
riding boots,New Balance,$22.37,$22.37,188
cowboy boots,New Balance,$40.54,$40.54,213
beach shoes,Puma,$41.67,$41.67,242
mukluks,Adidas,$13.46,$13.46,178
pointe shoes,nike,$59.5,$59.5,342
skate shoes,Nike,$28.26,$28.26,126
skates,Puma,$92.20,$92.20,340
work boots,Under Armour,$77.94,$77.94,450
ice skates,Puma,$43.22,$43.22,40
golf shoes,Nike,$54.19,$54.19,147
court shoes,Nike,$99.19,$99.19,290
ice skates,Adidas,$77.37,$77.37,84
waders,Nike,$39.61,$39.61,354
rain boots,New Balance,$30.27,$30.27,162
court shoes,Puma,$0.19,$0.19,109
bowling shoes,Nike,$93.2,$93.2,455
slippers,Nike,$13.3,$13.3,153
stiletto heels,Puma,$73.71,$73.71,371
zoris,New Balance,$43.28,$43.28,470
penny loafers,nike,$93.47,$93.47,470
flip-flops,Puma,$37.39,$37.39,259
climbing shoes,Nike,$29.73,$29.73,106
golf shoes,Under Armour,$58.34,$58.34,21
gumboots,Puma,$24.62,$24.62,286
Oxfords,nike,$40.43,$40.43,50
penny loafers,Puma,$47.61,$47.61,327
heels,nike,$76.37,$76.37,465
figure skates,New Balance,$70.50,$70.50,489
tap shoes,Nike,$77.74,$77.74,331
moccasins,Nike,$64.16,$64.16,345
bowling shoes,Puma,$38.32,$38.32,334
ice skates,Adidas,$63.28,$63.28,431
hiking boots,nike,$58.53,$58.53,245
deck shoes,New Balance,$66.42,$66.42,283
clogs,Nike,$29.38,$29.38,130
flip-flops,Under Armour,$36.92,$36.92,178
climbing shoes,Under Armour,$31.25,$31.25,218
ankle boot,Adidas,$19.0,$19.0,15
clogs,Puma,$61.54,$61.54,391
valenki,New Balance,$93.66,$93.66,291
skates,nike,$29.80,$29.80,152
tennis shoes,Adidas,$5.81,$5.81,39
pumps,New Balance,$3.47,$3.47,323
loafers,Under Armour,$35.55,$35.55,283
wedge shoes,Puma,$34.53,$34.53,145
mukluks,Adidas,$71.88,$71.88,267
waders,Under Armour,$11.96,$11.96,196
loafers,nike,$53.27,$53.27,50
heels,New Balance,$24.42,$24.42,167
sandals,nike,$78.82,$78.82,433
skates,Puma,$38.38,$38.38,254
running shoes,nike,$68.95,$68.95,202
ballet shoes,Puma,$66.47,$66.47,230
Oxfords,New Balance,$68.52,$68.52,371
flip-flops,New Balance,$26.78,$26.78,449
platform shoes,nike,$81.54,$81.54,334
pointe shoes,Adidas,$14.75,$14.75,227
open-toe shoes,nike,$90.71,$90.71,115
riding boots,Under Armour,$22.67,$22.67,102
flip-flops,Adidas,$26.5,$26.5,324
mules,Puma,$37.10,$37.10,164
roller skates,Nike,$0.59,$0.59,276
golf shoes,Nike,$96.14,$96.14,428
inline skates,Under Armour,$86.1,$86.1,127
ankle boot,nike,$90.91,$90.91,212
army boots,Nike,$39.35,$39.35,79
open-toe shoes,nike,$23.49,$23.49,363
gumboots,Puma,$7.98,$7.98,354
sandals,Adidas,$38.2,$38.2,341
track shoes,Under Armour,$86.59,$86.59,346
toe shoes,New Balance,$31.73,$31.73,32
pointe shoes,nike,$89.45,$89.45,446
deck shoes,Nike,$62.32,$62.32,279
sandals,New Balance,$97.19,$97.19,75
ballet shoes,Nike,$2.90,$2.90,266
Oxfords,Adidas,$27.12,$27.12,58
rollerblades,Puma,$22.13,$22.13,236
cowboy boots,Nike,$9.27,$9.27,194
clogs,Under Armour,$8.11,$8.11,51
tennis shoes,New Balance,$29.98,$29.98,281
open-toe shoes,nike,$54.89,$54.89,405
pumps,New Balance,$77.5,$77.5,471
elevator shoes,Adidas,$36.91,$36.91,338
heels,Under Armour,$34.81,$34.81,122
slippers,Puma,$12.61,$12.61,12
inline skates,New Balance,$81.3,$81.3,266
court shoes,Adidas,$69.49,$69.49,291
Wellington boots,Adidas,$64.67,$64.67,486
slides,Puma,$97.28,$97.28,111
swim fins,nike,$27.93,$27.93,181
waders,Adidas,$36.3,$36.3,232
boat shoes,Under Armour,$85.29,$85.29,359
valenki,Adidas,$51.40,$51.40,27
roller skates,Under Armour,$33.55,$33.55,265
dress shoes,Puma,$27.8,$27.8,281
jump boots,Nike,$75.27,$75.27,268
work boots,New Balance,$53.45,$53.45,477
platform shoes,Under Armour,$30.30,$30.30,273
work boots,nike,$29.31,$29.31,239
flip-flops,New Balance,$52.71,$52.71,417
valenki,Under Armour,$53.91,$53.91,439
steel-toe boots,Adidas,$8.59,$8.59,370
espadrilles,New Balance,$95.83,$95.83,52
cleats,nike,$62.35,$62.35,101
shoes,Nike,$62.71,$62.71,92
loafers,New Balance,$52.67,$52.67,329
work boots,Nike,$44.56,$44.56,470
Oxfords,Under Armour,$30.98,$30.98,221
jump boots,Puma,$56.63,$56.63,216
ballet shoes,New Balance,$28.55,$28.55,187
bowling shoes,Puma,$77.81,$77.81,383
dress shoes,Nike,$59.36,$59.36,14
ski boots,Under Armour,$70.47,$70.47,324
shoes,Adidas,$23.53,$23.53,466
sneakers,Nike,$29.65,$29.65,284
figure skates,Puma,$21.9,$21.9,185
climbing shoes,nike,$0.60,$0.60,53
mules,Adidas,$89.67,$89.67,433
pumps,Under Armour,$44.98,$44.98,285
sneakers,Under Armour,$96.69,$96.69,340
boat shoes,Under Armour,$43.6,$43.6,324
saddle shoes,Under Armour,$68.5,$68.5,127
slides,New Balance,$69.14,$69.14,170
heels,Nike,$14.4,$14.4,81
ballet shoes,nike,$20.29,$20.29,408
army boots,Nike,$85.29,$85.29,100
boots,Puma,$45.60,$45.60,348
skates,Under Armour,$93.1,$93.1,6
skate shoes,Nike,$65.81,$65.81,113
track shoes,New Balance,$77.84,$77.84,257
clogs,Under Armour,$44.66,$44.66,222
sandals,New Balance,$74.19,$74.19,343
wingtip shoes,Under Armour,$24.14,$24.14,288
cleats,Adidas,$16.29,$16.29,310
toe shoes,Under Armour,$89.44,$89.44,102
ice skates,Adidas,$26.13,$26.13,78
toe shoes,Adidas,$70.57,$70.57,159
zoris,Under Armour,$22.24,$22.24,426
rain boots,Under Armour,$49.87,$49.87,242
elevator shoes,Under Armour,$34.70,$34.70,215
rollerblades,Under Armour,$75.83,$75.83,130
platform shoes,Under Armour,$19.47,$19.47,90
Mary Janes,Puma,$92.93,$92.93,436
platform shoes,Adidas,$74.46,$74.46,19
ballet shoes,nike,$91.56,$91.56,498
zoris,Nike,$82.9,$82.9,48
high-top sneakers,Puma,$3.4,$3.4,358
mukluks,Puma,$55.19,$55.19,79
cycling shoes,Nike,$0.36,$0.36,310
sneakers,New Balance,$19.58,$19.58,140
steel-toe boots,Nike,$14.12,$14.12,324
high heels,Nike,$55.99,$55.99,69
court shoes,New Balance,$16.8,$16.8,46
wingtip shoes,Nike,$65.41,$65.41,209
running shoes,Adidas,$42.19,$42.19,476
gumboots,Adidas,$87.4,$87.4,382
sneakers,New Balance,$41.35,$41.35,119
brogues,nike,$36.14,$36.14,338
platform shoes,Under Armour,$86.37,$86.37,197
high-top sneakers,New Balance,$76.89,$76.89,392
kamiks,Adidas,$97.71,$97.71,324
boots,Under Armour,$16.12,$16.12,199
stiletto heels,New Balance,$5.71,$5.71,207
ankle boot,nike,$51.31,$51.31,201
figure skates,Under Armour,$52.44,$52.44,326
inline skates,Under Armour,$88.73,$88.73,294
sandals,New Balance,$12.9,$12.9,11
ice skates,New Balance,$35.94,$35.94,440
pumps,New Balance,$33.47,$33.47,273
toe shoes,Nike,$76.58,$76.58,384
skates,Nike,$60.32,$60.32,244
zoris,Nike,$99.98,$99.98,339
climbing shoes,Under Armour,$95.81,$95.81,440
roller skates,Puma,$4.23,$4.23,370
wingtip shoes,Adidas,$79.57,$79.57,140
jackboots,Nike,$20.89,$20.89,19
wedge shoes,Adidas,$70.37,$70.37,250
pointe shoes,Nike,$46.64,$46.64,200
sandals,New Balance,$56.46,$56.46,442
elevator shoes,Puma,$41.86,$41.86,124
ankle boot,Adidas,$42.20,$42.20,106
roller skates,Nike,$94.70,$94.70,338
dress shoes,New Balance,$9.24,$9.24,423
Oxfords,New Balance,$75.96,$75.96,171
roller skates,Adidas,$1.85,$1.85,75
kamiks,nike,$68.14,$68.14,210
toe shoes,Puma,$68.61,$68.61,217
open-toe shoes,nike,$58.49,$58.49,133
cycling shoes,nike,$7.29,$7.29,212
boat shoes,Adidas,$21.89,$21.89,444
loafers,nike,$8.13,$8.13,174
rollerblades,Adidas,$85.30,$85.30,360
wedge shoes,Adidas,$64.83,$64.83,194
ski boots,Nike,$39.7,$39.7,208
boots,Adidas,$95.97,$95.97,417
brogues,Puma,$24.63,$24.63,10
waders,New Balance,$31.29,$31.29,184
cowboy boots,Adidas,$94.14,$94.14,381
rollerblades,nike,$10.47,$10.47,326
ballet shoes,nike,$80.41,$80.41,430
steel-toe boots,New Balance,$70.97,$70.97,452
Wellington boots,Nike,$69.89,$69.89,339
golf shoes,Adidas,$30.75,$30.75,266
golf shoes,nike,$94.62,$94.62,468
athletic shoes,New Balance,$69.35,$69.35,103
heels,New Balance,$86.84,$86.84,411
toe shoes,Nike,$31.40,$31.40,472
penny loafers,Nike,$14.10,$14.10,208
elevator shoes,Under Armour,$57.10,$57.10,83
sandals,Adidas,$19.21,$19.21,220
riding boots,Adidas,$85.41,$85.41,154
skate shoes,Under Armour,$8.34,$8.34,159
high heels,nike,$24.22,$24.22,283
riding boots,nike,$79.19,$79.19,304
high-top sneakers,Nike,$75.38,$75.38,178
platform shoes,nike,$10.67,$10.67,102
deck shoes,New Balance,$86.45,$86.45,68
steel-toe boots,New Balance,$81.11,$81.11,313
jackboots,New Balance,$75.76,$75.76,105
cowboy boots,Under Armour,$34.68,$34.68,18
tap shoes,Adidas,$18.8,$18.8,445
skates,nike,$18.86,$18.86,412
toe shoes,New Balance,$66.38,$66.38,188
track shoes,nike,$55.75,$55.75,400
wedge shoes,Nike,$79.33,$79.33,321
rollerblades,Puma,$59.67,$59.67,221
ski boots,Adidas,$81.84,$81.84,443
high-top sneakers,New Balance,$89.99,$89.99,469
ice skates,Under Armour,$2.52,$2.52,313
sandals,Adidas,$76.1,$76.1,424
wingtip shoes,Adidas,$75.33,$75.33,126
wingtip shoes,Adidas,$6.57,$6.57,132
boat shoes,Adidas,$71.19,$71.19,426
steel-toe boots,Adidas,$32.13,$32.13,378
sandals,Adidas,$42.21,$42.21,256
boat shoes,Under Armour,$4.46,$4.46,12
work boots,Nike,$51.78,$51.78,246
skates,Puma,$81.31,$81.31,108
ice skates,New Balance,$14.29,$14.29,369
deck shoes,New Balance,$32.73,$32.73,261
ballet shoes,New Balance,$82.88,$82.88,32
climbing shoes,Nike,$24.28,$24.28,330
loafers,nike,$24.23,$24.23,328
ice skates,New Balance,$9.15,$9.15,156
Wellington boots,nike,$80.57,$80.57,315
tap shoes,New Balance,$17.46,$17.46,296
slides,New Balance,$88.3,$88.3,22
valenki,Nike,$17.12,$17.12,438
boat shoes,nike,$28.15,$28.15,442
Mary Janes,nike,$83.27,$83.27,347
sandals,New Balance,$23.54,$23.54,77
open-toe shoes,Adidas,$61.59,$61.59,254
running shoes,Under Armour,$99.95,$99.95,176
waders,nike,$11.58,$11.58,127
boots,Adidas,$60.1,$60.1,147
track shoes,Nike,$50.10,$50.10,51
sling-backs,Puma,$45.11,$45.11,463
cowboy boots,nike,$79.45,$79.45,65
wingtip shoes,Under Armour,$95.75,$95.75,272
kamiks,Under Armour,$33.55,$33.55,263
boat shoes,Puma,$39.38,$39.38,211
slides,Adidas,$59.58,$59.58,32
ankle boot,Under Armour,$1.21,$1.21,188
slides,Adidas,$55.69,$55.69,173
sling-backs,Puma,$49.24,$49.24,100
boots,Puma,$73.29,$73.29,379
bowling shoes,Nike,$27.55,$27.55,112
jump boots,Nike,$63.95,$63.95,413
gumboots,Under Armour,$17.87,$17.87,385
climbing shoes,Nike,$43.84,$43.84,233
pointe shoes,Nike,$27.72,$27.72,497
riding boots,nike,$35.40,$35.40,139
flip-flops,Nike,$38.20,$38.20,132
slippers,New Balance,$97.29,$97.29,63
army boots,nike,$89.47,$89.47,41
toe shoes,Under Armour,$30.15,$30.15,122
stiletto heels,Puma,$0.96,$0.96,441
moccasins,nike,$66.21,$66.21,90
rain boots,Puma,$68.4,$68.4,486
Wellington boots,New Balance,$72.2,$72.2,15
loafers,Under Armour,$57.60,$57.60,174
steel-toe boots,Nike,$89.67,$89.67,215
tap shoes,Adidas,$20.75,$20.75,441
mules,Puma,$67.90,$67.90,137
cycling shoes,Nike,$42.56,$42.56,136
elevator shoes,Adidas,$48.63,$48.63,331
inline skates,nike,$94.63,$94.63,245
skate shoes,Adidas,$31.50,$31.50,148
climbing shoes,New Balance,$26.5,$26.5,404
high heels,Nike,$22.85,$22.85,218
wedge shoes,Nike,$22.85,$22.85,326
army boots,Nike,$57.2,$57.2,473
mukluks,Puma,$45.17,$45.17,287
zoris,Nike,$39.62,$39.62,123
Oxfords,New Balance,$64.94,$64.94,101
climbing shoes,nike,$6.10,$6.10,247
wingtip shoes,Nike,$69.42,$69.42,443
toe shoes,Under Armour,$54.76,$54.76,362
elevator shoes,Puma,$81.41,$81.41,391
flip-flops,Adidas,$13.27,$13.27,9
Oxfords,New Balance,$44.92,$44.92,37
Mary Janes,New Balance,$15.12,$15.12,451
mukluks,Under Armour,$54.91,$54.91,91
work boots,Nike,$54.77,$54.77,78
elevator shoes,New Balance,$63.22,$63.22,112
ski boots,Nike,$88.26,$88.26,449
ballet shoes,nike,$69.80,$69.80,447
ski boots,nike,$67.63,$67.63,406
moccasins,Nike,$87.42,$87.42,126
galoshes,Under Armour,$17.4,$17.4,169
sandals,Adidas,$53.66,$53.66,426
boots,Nike,$6.61,$6.61,402
galoshes,New Balance,$16.18,$16.18,338
skates,Nike,$53.63,$53.63,30
waders,Nike,$16.46,$16.46,139
skate shoes,nike,$7.56,$7.56,79
rollerblades,New Balance,$96.97,$96.97,156
brogues,Adidas,$6.0,$6.0,387
sling-backs,Nike,$37.33,$37.33,325
tap shoes,Under Armour,$5.88,$5.88,490
running shoes,nike,$31.0,$31.0,90
climbing shoes,nike,$63.55,$63.55,413
sandals,Under Armour,$51.29,$51.29,122
platform shoes,nike,$84.88,$84.88,481
pointe shoes,Nike,$70.98,$70.98,319
boat shoes,Under Armour,$15.32,$15.32,451
boots,New Balance,$79.40,$79.40,428
deck shoes,Puma,$10.34,$10.34,177
rain boots,Adidas,$64.95,$64.95,267
clogs,Puma,$13.99,$13.99,196
clogs,Nike,$28.68,$28.68,392
slides,Puma,$59.26,$59.26,34
boat shoes,Puma,$95.52,$95.52,303
wingtip shoes,Adidas,$57.0,$57.0,416
skates,New Balance,$37.55,$37.55,190
high heels,Adidas,$92.82,$92.82,400
shoes,Nike,$56.74,$56.74,209
track shoes,Adidas,$55.20,$55.20,123
cowboy boots,Nike,$10.97,$10.97,197
skates,nike,$22.24,$22.24,81
beach shoes,Under Armour,$33.90,$33.90,233
rain boots,Nike,$75.44,$75.44,92
riding boots,Under Armour,$84.37,$84.37,137
work boots,Under Armour,$61.15,$61.15,311
inline skates,nike,$48.33,$48.33,372
beach shoes,Adidas,$3.95,$3.95,252
high-top sneakers,Under Armour,$89.84,$89.84,126
mukluks,New Balance,$26.42,$26.42,20
bowling shoes,Under Armour,$64.89,$64.89,313
platform shoes,Nike,$14.88,$14.88,36
mules,nike,$69.87,$69.87,6
mukluks,nike,$14.87,$14.87,347
loafers,nike,$36.67,$36.67,128
mukluks,Puma,$87.7,$87.7,290
riding boots,New Balance,$3.53,$3.53,288
clogs,Under Armour,$77.22,$77.22,340
deck shoes,New Balance,$79.82,$79.82,13
galoshes,nike,$32.48,$32.48,228
wingtip shoes,nike,$7.77,$7.77,46
riding boots,Puma,$47.33,$47.33,284
tennis shoes,Puma,$82.7,$82.7,61
hiking boots,New Balance,$48.83,$48.83,367
sneakers,Puma,$5.94,$5.94,190
Oxfords,Adidas,$15.32,$15.32,259
kamiks,Nike,$0.86,$0.86,444
rain boots,Under Armour,$44.39,$44.39,49
Oxfords,Under Armour,$68.94,$68.94,367
cowboy boots,Puma,$88.2,$88.2,496
deck shoes,nike,$3.29,$3.29,478
pointe shoes,Adidas,$49.67,$49.67,257
skates,Adidas,$95.45,$95.45,353
elevator shoes,Nike,$69.1,$69.1,368
toe shoes,Puma,$98.13,$98.13,419
galoshes,Nike,$78.92,$78.92,130
tennis shoes,Adidas,$61.2,$61.2,132
running shoes,Adidas,$18.27,$18.27,303
Wellington boots,Under Armour,$54.91,$54.91,314
espadrilles,nike,$33.39,$33.39,20
high-top sneakers,Puma,$69.45,$69.45,368
high heels,New Balance,$14.52,$14.52,264
mukluks,nike,$60.12,$60.12,335
espadrilles,Adidas,$97.23,$97.23,82
ski boots,nike,$12.45,$12.45,310
Oxfords,New Balance,$78.88,$78.88,334
toe shoes,New Balance,$19.38,$19.38,495
kamiks,Under Armour,$53.41,$53.41,240
climbing shoes,Adidas,$40.19,$40.19,249
mules,New Balance,$82.33,$82.33,17
ballet shoes,Nike,$16.86,$16.86,70
loafers,Nike,$41.9,$41.9,35
steel-toe boots,Under Armour,$11.99,$11.99,258
track shoes,Under Armour,$73.14,$73.14,92
inline skates,Adidas,$84.3,$84.3,88
wedge shoes,Under Armour,$16.81,$16.81,34
cleats,nike,$36.76,$36.76,380
pointe shoes,Under Armour,$7.77,$7.77,356
boat shoes,Nike,$91.89,$91.89,387
army boots,Under Armour,$53.16,$53.16,42
swim fins,Under Armour,$2.97,$2.97,465
tennis shoes,nike,$5.97,$5.97,26
mules,Under Armour,$13.54,$13.54,363
swim fins,Puma,$93.83,$93.83,176
flip-flops,Under Armour,$1.41,$1.41,455
stiletto heels,Under Armour,$24.2,$24.2,239
Mary Janes,Under Armour,$87.89,$87.89,49
riding boots,Under Armour,$44.0,$44.0,115
jump boots,Nike,$98.85,$98.85,422
flip-flops,Under Armour,$10.48,$10.48,425
steel-toe boots,Puma,$85.44,$85.44,35
pumps,Adidas,$8.84,$8.84,440
beach shoes,Puma,$52.16,$52.16,47
running shoes,Under Armour,$26.22,$26.22,330
tap shoes,New Balance,$4.16,$4.16,101
stiletto heels,Nike,$61.78,$61.78,55
ballet shoes,Puma,$95.32,$95.32,19
moccasins,Adidas,$4.39,$4.39,6
athletic shoes,Under Armour,$87.47,$87.47,229
kamiks,New Balance,$81.85,$81.85,148
heels,Under Armour,$50.77,$50.77,347
slippers,Puma,$7.40,$7.40,27
mules,Puma,$48.45,$48.45,365
Oxfords,Nike,$51.42,$51.42,322
work boots,New Balance,$65.79,$65.79,440
climbing shoes,nike,$65.38,$65.38,307
golf shoes,Adidas,$54.81,$54.81,7
wedge shoes,Under Armour,$43.21,$43.21,97
kamiks,Under Armour,$82.99,$82.99,386
wedge shoes,Under Armour,$93.60,$93.60,295
running shoes,Puma,$89.6,$89.6,206
mules,Nike,$20.74,$20.74,387
pumps,Adidas,$29.91,$29.91,419
wedge shoes,Adidas,$57.91,$57.91,80
climbing shoes,nike,$57.1,$57.1,358
dress shoes,Puma,$11.15,$11.15,44
slides,Nike,$91.95,$91.95,262
brogues,Puma,$97.23,$97.23,298
waders,Adidas,$18.64,$18.64,482
sneakers,Adidas,$95.35,$95.35,162
elevator shoes,Puma,$25.53,$25.53,452
sling-backs,New Balance,$81.41,$81.41,179
kamiks,Nike,$88.51,$88.51,208
Wellington boots,Under Armour,$97.90,$97.90,224
stiletto heels,Puma,$78.61,$78.61,442
penny loafers,Under Armour,$15.56,$15.56,315
boat shoes,New Balance,$0.76,$0.76,95
climbing shoes,nike,$19.26,$19.26,334
work boots,Puma,$80.70,$80.70,416
jump boots,nike,$7.65,$7.65,269
climbing shoes,Under Armour,$42.22,$42.22,284
heels,Adidas,$59.62,$59.62,487
galoshes,Under Armour,$8.64,$8.64,249
skate shoes,Adidas,$81.67,$81.67,16
work boots,Puma,$47.31,$47.31,380
valenki,Under Armour,$53.0,$53.0,275
bowling shoes,nike,$57.54,$57.54,13
jackboots,Adidas,$72.61,$72.61,93
saddle shoes,Under Armour,$72.41,$72.41,175
ankle boot,nike,$70.28,$70.28,473
zoris,nike,$82.17,$82.17,358
slides,New Balance,$6.97,$6.97,426
stiletto heels,Adidas,$80.42,$80.42,269
toe shoes,nike,$70.28,$70.28,201
boat shoes,Puma,$95.81,$95.81,336
open-toe shoes,Nike,$68.28,$68.28,227
ice skates,Nike,$8.1,$8.1,421
pumps,New Balance,$71.42,$71.42,416
sneakers,Adidas,$65.62,$65.62,129
deck shoes,Under Armour,$11.51,$11.51,323
wedge shoes,New Balance,$95.71,$95.71,95
galoshes,nike,$4.11,$4.11,244
ice skates,Nike,$14.95,$14.95,468
court shoes,Adidas,$7.2,$7.2,261
bowling shoes,Under Armour,$41.47,$41.47,463
galoshes,nike,$44.73,$44.73,477
running shoes,Under Armour,$29.84,$29.84,342
open-toe shoes,Nike,$4.23,$4.23,207
valenki,Nike,$48.74,$48.74,489
wedge shoes,Puma,$16.33,$16.33,357
tennis shoes,New Balance,$0.2,$0.2,256
cleats,New Balance,$20.44,$20.44,175
toe shoes,Puma,$21.42,$21.42,168
cycling shoes,Adidas,$91.42,$91.42,149
Mary Janes,Puma,$92.19,$92.19,115
wedge shoes,Under Armour,$59.44,$59.44,93
heels,nike,$94.27,$94.27,255
waders,Puma,$88.45,$88.45,341
moccasins,Nike,$91.34,$91.34,172
sling-backs,Adidas,$39.18,$39.18,403
riding boots,New Balance,$6.99,$6.99,183
steel-toe boots,nike,$98.10,$98.10,281
wedge shoes,Nike,$0.20,$0.20,298
kamiks,New Balance,$60.20,$60.20,296
open-toe shoes,Puma,$34.37,$34.37,411
skate shoes,New Balance,$21.69,$21.69,42
pointe shoes,Nike,$54.29,$54.29,373
boots,Puma,$9.47,$9.47,275
open-toe shoes,Adidas,$32.92,$32.92,213
galoshes,Nike,$82.18,$82.18,60
skates,Under Armour,$50.56,$50.56,363
steel-toe boots,nike,$7.14,$7.14,264
deck shoes,nike,$49.72,$49.72,433
saddle shoes,Adidas,$5.34,$5.34,38
cycling shoes,New Balance,$52.71,$52.71,452
running shoes,New Balance,$44.29,$44.29,27
mules,Under Armour,$78.55,$78.55,275
toe shoes,Adidas,$63.40,$63.40,113
track shoes,New Balance,$72.30,$72.30,80
high-top sneakers,Under Armour,$9.99,$9.99,294
pumps,Nike,$47.0,$47.0,413
court shoes,New Balance,$95.77,$95.77,458
moccasins,New Balance,$37.27,$37.27,352
sneakers,Puma,$9.64,$9.64,199
athletic shoes,Under Armour,$89.91,$89.91,404
espadrilles,nike,$20.75,$20.75,404
tennis shoes,nike,$45.18,$45.18,425
mules,Nike,$83.24,$83.24,379
wingtip shoes,Nike,$35.47,$35.47,37
boat shoes,Puma,$30.57,$30.57,121
ice skates,New Balance,$93.91,$93.91,49
ankle boot,Nike,$63.13,$63.13,275
galoshes,Adidas,$69.30,$69.30,188
dress shoes,Under Armour,$68.63,$68.63,391
skates,Adidas,$42.77,$42.77,462
tap shoes,New Balance,$20.59,$20.59,144
figure skates,nike,$83.92,$83.92,369
pumps,nike,$96.57,$96.57,243
army boots,Nike,$20.36,$20.36,31
wedge shoes,Nike,$43.50,$43.50,383
ankle boot,nike,$72.99,$72.99,25
rollerblades,Under Armour,$22.83,$22.83,350
stiletto heels,Adidas,$59.48,$59.48,250
ballet shoes,Puma,$89.6,$89.6,172
clogs,Puma,$17.47,$17.47,301
golf shoes,Puma,$77.48,$77.48,364
inline skates,Adidas,$46.7,$46.7,476
slippers,Nike,$32.72,$32.72,413
dress shoes,Under Armour,$9.67,$9.67,457
sneakers,Nike,$78.71,$78.71,392
golf shoes,Nike,$54.42,$54.42,87
ski boots,Under Armour,$83.19,$83.19,142
Oxfords,Under Armour,$37.59,$37.59,21
saddle shoes,New Balance,$89.33,$89.33,423
running shoes,New Balance,$64.73,$64.73,96
tennis shoes,Adidas,$26.49,$26.49,90
inline skates,New Balance,$52.37,$52.37,183
hiking boots,Puma,$16.4,$16.4,327
espadrilles,Adidas,$8.98,$8.98,199
tap shoes,Puma,$52.56,$52.56,61
track shoes,Nike,$13.16,$13.16,80
steel-toe boots,Under Armour,$22.22,$22.22,231
jump boots,Nike,$28.9,$28.9,385
heels,Nike,$42.88,$42.88,423
cycling shoes,Under Armour,$95.27,$95.27,46
cowboy boots,Under Armour,$60.52,$60.52,218
climbing shoes,Under Armour,$47.92,$47.92,455
deck shoes,Under Armour,$70.12,$70.12,465
figure skates,nike,$68.93,$68.93,310
saddle shoes,Puma,$20.51,$20.51,480
cycling shoes,Adidas,$35.49,$35.49,215
figure skates,New Balance,$9.69,$9.69,298
espadrilles,Adidas,$46.64,$46.64,476
mules,nike,$84.13,$84.13,232
stiletto heels,Adidas,$47.59,$47.59,138
ballet shoes,Under Armour,$44.69,$44.69,43
army boots,New Balance,$52.63,$52.63,442
gumboots,Puma,$83.24,$83.24,340
court shoes,Adidas,$13.33,$13.33,258
saddle shoes,nike,$62.41,$62.41,198
pointe shoes,Puma,$90.20,$90.20,224
ankle boot,Puma,$52.34,$52.34,199
jackboots,Adidas,$97.57,$97.57,499
cowboy boots,Adidas,$74.73,$74.73,256
swim fins,Puma,$4.89,$4.89,182
mules,Nike,$72.34,$72.34,250
steel-toe boots,Adidas,$34.75,$34.75,266
flip-flops,nike,$15.86,$15.86,108
valenki,Puma,$26.49,$26.49,453
work boots,Under Armour,$99.21,$99.21,244
penny loafers,nike,$11.40,$11.40,266
sneakers,Nike,$79.7,$79.7,135
Oxfords,Puma,$22.32,$22.32,150
clogs,nike,$74.28,$74.28,425
dress shoes,Under Armour,$61.49,$61.49,110
brogues,Under Armour,$34.34,$34.34,134
ballet shoes,nike,$53.6,$53.6,445
zoris,Nike,$69.54,$69.54,390
pointe shoes,nike,$65.33,$65.33,87
jump boots,New Balance,$79.62,$79.62,320
platform shoes,Nike,$5.91,$5.91,441
deck shoes,nike,$91.85,$91.85,118
army boots,nike,$3.7,$3.7,320
track shoes,Adidas,$13.76,$13.76,72
golf shoes,New Balance,$71.31,$71.31,470
beach shoes,Nike,$48.56,$48.56,75
zoris,nike,$51.6,$51.6,330
running shoes,nike,$19.67,$19.67,112
gumboots,New Balance,$99.22,$99.22,144
steel-toe boots,Adidas,$79.62,$79.62,452
elevator shoes,Under Armour,$1.84,$1.84,73
army boots,Adidas,$38.13,$38.13,301
steel-toe boots,Puma,$23.70,$23.70,154
boots,Puma,$3.38,$3.38,302
high heels,New Balance,$57.40,$57.40,205
mukluks,Under Armour,$42.44,$42.44,229
boots,New Balance,$80.76,$80.76,85
dress shoes,nike,$51.60,$51.60,219
pointe shoes,Under Armour,$4.78,$4.78,119
army boots,Nike,$94.23,$94.23,198
clogs,nike,$69.17,$69.17,167
Mary Janes,nike,$37.31,$37.31,139
shoes,Adidas,$48.89,$48.89,384
ankle boot,New Balance,$0.44,$0.44,489
court shoes,nike,$10.9,$10.9,115
pointe shoes,Nike,$58.29,$58.29,155
wedge shoes,Puma,$71.88,$71.88,332
brogues,Puma,$47.36,$47.36,54
pointe shoes,Under Armour,$94.92,$94.92,393
ankle boot,New Balance,$62.93,$62.93,362
flip-flops,Puma,$10.89,$10.89,385
brogues,Adidas,$21.31,$21.31,95
boat shoes,Nike,$86.41,$86.41,272
track shoes,New Balance,$5.62,$5.62,266
open-toe shoes,Puma,$95.99,$95.99,296
espadrilles,Puma,$16.41,$16.41,101
riding boots,New Balance,$6.90,$6.90,326
jackboots,Nike,$90.11,$90.11,313
ski boots,Under Armour,$72.83,$72.83,457
skate shoes,Under Armour,$87.6,$87.6,162
slippers,Adidas,$90.53,$90.53,401
boots,Nike,$91.90,$91.90,391
golf shoes,Nike,$7.16,$7.16,80
Wellington boots,Adidas,$83.76,$83.76,24
cycling shoes,nike,$98.69,$98.69,358
bowling shoes,nike,$63.4,$63.4,278
ice skates,Adidas,$26.18,$26.18,427
mules,Adidas,$11.70,$11.70,479
tennis shoes,nike,$30.91,$30.91,66
inline skates,New Balance,$98.41,$98.41,420
cycling shoes,Puma,$10.73,$10.73,1
skate shoes,Adidas,$2.90,$2.90,284
Mary Janes,Nike,$13.40,$13.40,256
ankle boot,Adidas,$11.43,$11.43,308
moccasins,New Balance,$17.27,$17.27,150
espadrilles,New Balance,$1.57,$1.57,296
tap shoes,New Balance,$78.47,$78.47,109
track shoes,Adidas,$18.34,$18.34,387
ski boots,Nike,$55.75,$55.75,67
steel-toe boots,New Balance,$31.51,$31.51,300
kamiks,New Balance,$97.14,$97.14,201
jump boots,Puma,$40.22,$40.22,432
figure skates,Nike,$54.95,$54.95,379
cycling shoes,Under Armour,$38.3,$38.3,471
tap shoes,Nike,$35.87,$35.87,402
deck shoes,Nike,$33.59,$33.59,386
inline skates,Nike,$62.46,$62.46,367
toe shoes,Nike,$24.57,$24.57,378
heels,Under Armour,$60.56,$60.56,427
cycling shoes,Under Armour,$15.44,$15.44,13
Mary Janes,Under Armour,$31.6,$31.6,69
platform shoes,Puma,$93.91,$93.91,343
running shoes,New Balance,$91.92,$91.92,107
swim fins,New Balance,$82.12,$82.12,259
slides,Nike,$73.44,$73.44,324
espadrilles,Puma,$4.82,$4.82,72
ski boots,New Balance,$17.6,$17.6,467
shoes,Under Armour,$15.59,$15.59,24
mukluks,New Balance,$94.2,$94.2,460
jump boots,Under Armour,$48.50,$48.50,156
pointe shoes,New Balance,$71.14,$71.14,442
climbing shoes,Under Armour,$16.26,$16.26,131
galoshes,Nike,$34.48,$34.48,463
beach shoes,New Balance,$97.63,$97.63,211
jump boots,Nike,$68.83,$68.83,323
rain boots,Under Armour,$56.25,$56.25,405
rollerblades,Nike,$44.79,$44.79,197
toe shoes,Nike,$2.4,$2.4,89
Wellington boots,Puma,$99.84,$99.84,351
rollerblades,nike,$21.5,$21.5,218
pointe shoes,Under Armour,$52.41,$52.41,316
ballet shoes,Puma,$90.26,$90.26,53
cycling shoes,Adidas,$21.70,$21.70,383
toe shoes,Under Armour,$60.25,$60.25,183
wingtip shoes,Adidas,$55.38,$55.38,160
cowboy boots,Under Armour,$94.78,$94.78,287
slides,Adidas,$91.17,$91.17,353
ski boots,Nike,$0.47,$0.47,242
valenki,New Balance,$1.91,$1.91,51
shoes,Under Armour,$60.35,$60.35,395
mules,Under Armour,$40.45,$40.45,246
mules,Under Armour,$82.54,$82.54,225
galoshes,Nike,$68.80,$68.80,442
waders,Adidas,$61.26,$61.26,61
cleats,nike,$17.26,$17.26,25
high-top sneakers,New Balance,$61.14,$61.14,8
figure skates,Nike,$70.68,$70.68,295
mules,Nike,$49.91,$49.91,279
cleats,Under Armour,$7.2,$7.2,445
pumps,Adidas,$41.93,$41.93,20
high heels,Puma,$36.36,$36.36,3
sling-backs,New Balance,$68.94,$68.94,179
elevator shoes,Under Armour,$68.93,$68.93,165
pointe shoes,nike,$30.66,$30.66,30
high heels,Under Armour,$36.22,$36.22,332
high-top sneakers,Under Armour,$23.84,$23.84,330
moccasins,New Balance,$70.93,$70.93,198
flip-flops,Adidas,$64.54,$64.54,97
mukluks,Puma,$95.68,$95.68,230
golf shoes,Nike,$44.1,$44.1,183
cowboy boots,Nike,$29.66,$29.66,499
figure skates,Under Armour,$57.35,$57.35,177
cowboy boots,Nike,$99.47,$99.47,320
skate shoes,Nike,$87.76,$87.76,208
figure skates,Nike,$2.8,$2.8,428
work boots,Nike,$19.5,$19.5,244
court shoes,Nike,$50.66,$50.66,431
army boots,nike,$55.78,$55.78,248
rollerblades,New Balance,$32.29,$32.29,49
espadrilles,nike,$22.31,$22.31,348
rollerblades,New Balance,$14.36,$14.36,407
ice skates,nike,$82.49,$82.49,328
sneakers,Puma,$27.82,$27.82,174
pumps,Under Armour,$54.71,$54.71,253
ballet shoes,Nike,$55.24,$55.24,419
athletic shoes,Puma,$93.61,$93.61,14
pumps,Adidas,$22.71,$22.71,437
golf shoes,Nike,$70.58,$70.58,498
court shoes,New Balance,$90.9,$90.9,179
flip-flops,New Balance,$75.58,$75.58,90
running shoes,Puma,$48.82,$48.82,135
work boots,New Balance,$57.81,$57.81,235
work boots,Under Armour,$61.13,$61.13,143
moccasins,Adidas,$52.76,$52.76,13
high-top sneakers,Adidas,$21.21,$21.21,471
elevator shoes,Adidas,$29.43,$29.43,428
court shoes,Adidas,$57.7,$57.7,354
ski boots,Under Armour,$75.33,$75.33,446
skate shoes,Adidas,$21.88,$21.88,199
sneakers,nike,$41.5,$41.5,133
beach shoes,Adidas,$64.88,$64.88,153
beach shoes,Under Armour,$10.15,$10.15,411
stiletto heels,Puma,$45.36,$45.36,444
ankle boot,Adidas,$59.45,$59.45,227
dress shoes,Nike,$0.50,$0.50,14
cleats,nike,$93.55,$93.55,456
riding boots,Adidas,$69.87,$69.87,178
ice skates,Puma,$71.31,$71.31,458
mukluks,New Balance,$43.5,$43.5,158
riding boots,Adidas,$17.73,$17.73,389
loafers,Puma,$44.91,$44.91,446
steel-toe boots,nike,$24.24,$24.24,144
cycling shoes,Adidas,$91.41,$91.41,115
wingtip shoes,nike,$55.15,$55.15,84
track shoes,Adidas,$76.13,$76.13,260
penny loafers,Nike,$36.38,$36.38,381
army boots,Puma,$8.27,$8.27,99
boots,nike,$55.43,$55.43,53
ankle boot,Adidas,$86.79,$86.79,465
rain boots,Puma,$60.9,$60.9,359
mukluks,New Balance,$30.10,$30.10,260
inline skates,Puma,$82.78,$82.78,118
rain boots,nike,$82.36,$82.36,9
high-top sneakers,Puma,$54.28,$54.28,370
cycling shoes,Puma,$71.88,$71.88,335
mukluks,New Balance,$79.64,$79.64,482
Oxfords,Adidas,$6.70,$6.70,39
sandals,Under Armour,$40.73,$40.73,227
galoshes,Adidas,$88.85,$88.85,209
zoris,Adidas,$36.39,$36.39,265
army boots,New Balance,$32.62,$32.62,153
deck shoes,Nike,$14.73,$14.73,138
Oxfords,Puma,$31.23,$31.23,223
galoshes,Adidas,$27.60,$27.60,491
slippers,Adidas,$54.38,$54.38,199
tap shoes,Nike,$6.95,$6.95,294
saddle shoes,Nike,$32.33,$32.33,136
hiking boots,Adidas,$12.92,$12.92,49
heels,Under Armour,$39.94,$39.94,270
sneakers,Nike,$74.89,$74.89,295
loafers,Under Armour,$0.54,$0.54,129
toe shoes,nike,$91.94,$91.94,191
espadrilles,Adidas,$17.49,$17.49,136
army boots,New Balance,$52.47,$52.47,377
tennis shoes,Nike,$51.25,$51.25,191
jump boots,New Balance,$68.66,$68.66,0
army boots,nike,$38.83,$38.83,241
work boots,New Balance,$50.62,$50.62,290
ballet shoes,New Balance,$14.80,$14.80,272
espadrilles,New Balance,$32.82,$32.82,15
skates,New Balance,$79.44,$79.44,235
roller skates,Under Armour,$81.50,$81.50,96
shoes,Under Armour,$51.92,$51.92,228
valenki,Adidas,$81.59,$81.59,355
espadrilles,Nike,$65.58,$65.58,267
riding boots,Puma,$44.31,$44.31,324
flip-flops,nike,$84.24,$84.24,188
roller skates,Under Armour,$86.2,$86.2,317
shoes,New Balance,$74.88,$74.88,415
skates,Puma,$49.52,$49.52,316
work boots,Under Armour,$77.38,$77.38,403
tap shoes,Nike,$58.75,$58.75,138
saddle shoes,New Balance,$36.48,$36.48,177
elevator shoes,Under Armour,$99.31,$99.31,297
dress shoes,Adidas,$41.24,$41.24,131
moccasins,Nike,$79.46,$79.46,321
penny loafers,Under Armour,$65.75,$65.75,222
inline skates,Nike,$30.54,$30.54,288
riding boots,Under Armour,$94.95,$94.95,95
figure skates,Puma,$91.95,$91.95,104
sling-backs,Adidas,$79.45,$79.45,238
stiletto heels,Puma,$72.61,$72.61,441
sling-backs,Adidas,$4.58,$4.58,83
heels,Under Armour,$7.39,$7.39,312
hiking boots,New Balance,$29.87,$29.87,428
running shoes,nike,$59.76,$59.76,474
Oxfords,nike,$21.11,$21.11,108
ankle boot,Adidas,$48.69,$48.69,96
cleats,Nike,$50.94,$50.94,494
sling-backs,Under Armour,$93.62,$93.62,243
boat shoes,Puma,$34.1,$34.1,426
shoes,Adidas,$72.9,$72.9,337
kamiks,Under Armour,$73.48,$73.48,387
ski boots,New Balance,$42.6,$42.6,321
riding boots,Puma,$73.43,$73.43,293
open-toe shoes,Puma,$98.79,$98.79,16
athletic shoes,Nike,$7.68,$7.68,354
penny loafers,Adidas,$48.36,$48.36,63
sandals,Under Armour,$48.65,$48.65,231
inline skates,New Balance,$36.42,$36.42,216
ski boots,Nike,$71.70,$71.70,458
beach shoes,Under Armour,$26.16,$26.16,228
inline skates,New Balance,$77.54,$77.54,87
tap shoes,New Balance,$24.29,$24.29,461
stiletto heels,Nike,$39.44,$39.44,401
jump boots,New Balance,$7.75,$7.75,147
beach shoes,nike,$50.21,$50.21,377
ankle boot,Nike,$19.93,$19.93,104
court shoes,Nike,$17.1,$17.1,212
wingtip shoes,Adidas,$92.83,$92.83,243
ankle boot,New Balance,$50.77,$50.77,403
Oxfords,nike,$84.75,$84.75,154
saddle shoes,nike,$83.98,$83.98,22
skate shoes,Puma,$16.16,$16.16,198
clogs,New Balance,$28.97,$28.97,204
inline skates,nike,$74.76,$74.76,312
ski boots,New Balance,$62.1,$62.1,51
high heels,Under Armour,$89.64,$89.64,110
ice skates,New Balance,$68.64,$68.64,143
elevator shoes,nike,$43.89,$43.89,56
shoes,New Balance,$54.61,$54.61,64
rain boots,Nike,$56.84,$56.84,83
slides,Under Armour,$43.23,$43.23,397
deck shoes,Under Armour,$18.19,$18.19,132
running shoes,New Balance,$28.3,$28.3,353
roller skates,Puma,$11.0,$11.0,1
high heels,Nike,$91.99,$91.99,99
figure skates,New Balance,$85.21,$85.21,444
high-top sneakers,Nike,$24.23,$24.23,397
loafers,Under Armour,$78.49,$78.49,407
jump boots,Adidas,$96.67,$96.67,277
mukluks,Puma,$41.73,$41.73,30
skate shoes,Adidas,$35.80,$35.80,349
jump boots,Puma,$4.77,$4.77,86
boots,nike,$63.94,$63.94,137
track shoes,Puma,$95.78,$95.78,21
clogs,Puma,$94.9,$94.9,313
running shoes,nike,$16.11,$16.11,95
Mary Janes,nike,$56.48,$56.48,322
tennis shoes,New Balance,$96.81,$96.81,308
platform shoes,Adidas,$25.49,$25.49,314
skates,nike,$60.24,$60.24,327
brogues,Adidas,$20.66,$20.66,392
bowling shoes,nike,$27.35,$27.35,137
rollerblades,Puma,$98.86,$98.86,272
mukluks,New Balance,$6.73,$6.73,240
wingtip shoes,New Balance,$26.93,$26.93,172
zoris,Puma,$51.81,$51.81,294
rain boots,Puma,$52.90,$52.90,213
roller skates,Adidas,$80.97,$80.97,323
sneakers,New Balance,$39.22,$39.22,441
steel-toe boots,Under Armour,$25.95,$25.95,128
figure skates,New Balance,$18.2,$18.2,318
mukluks,Puma,$98.40,$98.40,348
wingtip shoes,Nike,$53.89,$53.89,486
mukluks,Nike,$78.17,$78.17,55
running shoes,nike,$93.34,$93.34,183
steel-toe boots,nike,$32.62,$32.62,190
wedge shoes,Adidas,$77.2,$77.2,439
roller skates,New Balance,$19.77,$19.77,304
tap shoes,New Balance,$83.17,$83.17,427
saddle shoes,New Balance,$57.36,$57.36,206
ankle boot,Under Armour,$64.41,$64.41,205
court shoes,Under Armour,$78.65,$78.65,229
bowling shoes,Under Armour,$85.3,$85.3,281
clogs,Adidas,$98.67,$98.67,235
open-toe shoes,New Balance,$35.11,$35.11,76
mules,nike,$40.97,$40.97,465
toe shoes,New Balance,$36.24,$36.24,198
court shoes,New Balance,$19.65,$19.65,298
cycling shoes,Adidas,$47.38,$47.38,44
roller skates,Under Armour,$61.99,$61.99,291
running shoes,Puma,$17.10,$17.10,334
elevator shoes,Nike,$67.21,$67.21,212
climbing shoes,New Balance,$90.97,$90.97,414
climbing shoes,nike,$1.62,$1.62,67
toe shoes,New Balance,$44.63,$44.63,445
ankle boot,nike,$55.48,$55.48,339
penny loafers,Adidas,$0.68,$0.68,112
tennis shoes,Puma,$81.19,$81.19,433
moccasins,New Balance,$65.78,$65.78,28
ski boots,New Balance,$87.23,$87.23,271
beach shoes,Puma,$56.92,$56.92,340
skate shoes,Puma,$45.81,$45.81,353
kamiks,Nike,$22.52,$22.52,484
shoes,Adidas,$84.16,$84.16,109
ice skates,Nike,$87.23,$87.23,486
sneakers,New Balance,$10.83,$10.83,253
ballet shoes,Under Armour,$44.42,$44.42,86
open-toe shoes,Puma,$88.64,$88.64,475
roller skates,New Balance,$84.84,$84.84,436
army boots,Adidas,$56.44,$56.44,276
golf shoes,Nike,$21.42,$21.42,114
cleats,nike,$13.35,$13.35,92
mukluks,Under Armour,$0.36,$0.36,180
cleats,Under Armour,$5.20,$5.20,298
tennis shoes,Under Armour,$59.11,$59.11,387
Mary Janes,nike,$70.48,$70.48,460
heels,Nike,$3.77,$3.77,150
ski boots,Under Armour,$57.83,$57.83,391
boat shoes,nike,$88.73,$88.73,437
riding boots,nike,$88.4,$88.4,162
brogues,Nike,$59.8,$59.8,419
swim fins,nike,$51.34,$51.34,21
cowboy boots,New Balance,$64.0,$64.0,29
swim fins,New Balance,$87.61,$87.61,244
ankle boot,Nike,$35.73,$35.73,411
moccasins,New Balance,$58.77,$58.77,454
toe shoes,Nike,$49.65,$49.65,386
zoris,Under Armour,$67.89,$67.89,261
golf shoes,nike,$48.56,$48.56,494
brogues,New Balance,$15.99,$15.99,194
boots,Under Armour,$6.74,$6.74,338
ankle boot,nike,$15.32,$15.32,258
brogues,Puma,$8.78,$8.78,217
